	{

		"metadata": {
			"formatVersion" : 3.1,
			"generatedBy"   : "Blender 2.7 Exporter",
			"vertices"      : 159,
			"faces"         : 186,
			"normals"       : 84,
			"colors"        : 0,
			"uvs"           : [],
			"materials"     : 1,
			"morphTargets"  : 0,
			"bones"         : 0
		},

			"scale" : 1.000000,
			
			"vertices" : [-0.0360385,1.00918,-1.00342,0.159052,1.00918,-0.984208,0.346645,1.00918,-0.927303,0.519532,1.00918,-0.834893,0.671068,1.00918,-0.71053,0.795431,1.00918,-0.558993,0.887841,1.00918,-0.386106,0.944747,1.00918,-0.198513,0.963961,1.00918,-0.00342313,-0.0360385,3.00918,-0.00342314,0.944747,1.00918,0.191667,0.887841,1.00918,0.37926,0.795431,1.00918,0.552147,0.671068,1.00918,0.703684,0.519532,1.00918,0.828047,0.346645,1.00918,0.920457,0.159052,1.00918,0.977362,-0.0360388,1.00918,0.996577,-0.231129,1.00918,0.977362,-0.418722,1.00918,0.920456,-0.591609,1.00918,0.828046,-0.743146,1.00918,0.703683,-0.867509,1.00918,0.552147,-0.959918,1.00918,0.37926,-1.01682,1.00918,0.191666,-1.03604,1.00918,-0.00342401,-1.01682,1.00918,-0.198514,-0.959918,1.00918,-0.386108,-0.867507,1.00918,-0.558994,-0.743144,1.00918,-0.710531,-0.591608,1.00918,-0.834893,-0.418721,1.00918,-0.927303,-0.231127,1.00918,-0.984209,1,-1,-1,1,-1,1,-1,-1,1,-1,-1,-1,1,1,-1,0.999999,1,1,-1,1,1,-1,1,-1,1,-1,1.03316e-07,1.78814e-07,-1,-1,1,-4.37114e-08,-1,0,-1,1,1,4.37114e-08,1,-1,-1,-2.54312e-07,-1,4.37114e-08,1,-1,-4.37114e-08,-1,1,1,4.9273e-07,2.38419e-07,1,-1,-5.36442e-07,1,1,-1,1,-2.22525e-07,-1,-1.04216e-14,-2.38419e-07,1.5,-8.74228e-08,-2,1,1.3027e-14,2.98023e-07,-1.49012e-07,1,1.35103e-07,5.96046e-08,-1,-7.54979e-08,1,-1,0.5,-0.5,-1,-1,1,0.5,-1,-0.5,-1,1,1,0.5,1,-1,-1,-0.5,-1,0.5,1,-1,0.5,-1,1,1,0.5,-0.5,1,-1,-0.5,1,1,-1,1,-0.5,1,-1,-0.5,0.5,-1,-1,1,-0.5,-1,0.5,-1,1,1,-0.5,1,-1,-1,0.5,-1,-0.5,1,-1,-0.5,-1,1,1,-0.499999,0.5,1,-1,0.499999,1,1,-1,1,0.5,-0.5,-4.37114e-08,-1,0.5,-4.37114e-08,-1,2.38419e-07,0.5,-1,2.08616e-07,-0.5,-1,-1,-2.18557e-08,-0.5,-1,2.18557e-08,0.5,-1,-0.5,-2.46365e-07,-1,0.5,-2.30472e-07,-0.5,4.37114e-08,1,0.5,4.37114e-08,1,-1.49012e-07,-0.5,1,-4.17233e-07,0.5,1,1,2.18557e-08,0.5,1,-2.18557e-08,-0.5,1,-0.5,2.0067e-07,1,0.5,3.95377e-07,-3.42727e-07,1,0.5,4.47035e-08,1,-0.5,0.5,1,3.13916e-07,-0.5,1,-4.37114e-08,-0.5,-1,-1.64905e-07,0.5,-1,1.39091e-08,1.19209e-07,-1,-0.5,2.98023e-08,-1,0.5,0.5,-1,0.5,0.5,-1,-0.5,-0.5,-1,-0.5,-0.5,1,-0.5,0.5,1,-0.5,0.5,1,0.5,1,0.5,-0.5,1,-0.5,-0.5,1,-0.5,0.5,0.5,0.5,1,0.5,-0.5,1,-0.5,-0.5,1,-1,0.5,0.5,-1,-0.5,0.5,-1,-0.5,-0.5,0.5,-0.5,-1,0.5,0.5,-1,-0.5,0.5,-1,-0.5,-0.5,-1,-1,0.5,-0.5,-0.5,0.5,1,1,0.5,0.5,-0.5,1,0.5,-0.5,-1,0.5,1,-6.55671e-08,-1.5,0.5,-6.55671e-08,-1.5,0.5,-0.5,-1.5,2.38419e-07,-6.55671e-08,-1.5,0.5,0.5,-1.5,1,-0.5,-1.5,1,0.5,-1.5,1.78814e-07,0.5,-1.5,2.38419e-07,-0.5,-1.5,1,6.55671e-08,1.5,0.5,6.55671e-08,1.5,0.5,0.5,1.5,-2.38419e-07,6.55671e-08,1.5,0.5,-0.5,1.5,1,0.5,1.5,1,-0.5,1.5,-2.38419e-07,-0.5,1.5,-3.57628e-07,0.5,1.5,1,-8.74228e-08,-2,1,-0.5,-2,1,0.5,-2,1.5,-0.5,-2,1.5,0.5,-2,1.5,8.74228e-08,2,1,8.74228e-08,2,1,0.5,2,1,-0.5,2,1.5,0.5,2,1.5,-0.5,2],
			"faces"    : [34,31,9,32,0,0,1,2,34,0,9,1,0,3,1,4,34,30,9,31,0,5,1,0,34,29,9,30,0,6,1,5,34,28,9,29,0,7,1,6,34,27,9,28,0,8,1,7,34,26,9,27,0,9,1,8,34,25,9,26,0,10,1,9,34,24,9,25,0,11,1,10,34,23,9,24,0,12,1,11,34,22,9,23,0,13,1,12,34,21,9,22,0,14,1,13,34,20,9,21,0,15,1,14,34,19,9,20,0,16,1,15,34,18,9,19,0,17,1,16,34,17,9,18,0,18,1,17,34,16,9,17,0,19,1,18,34,15,9,16,0,20,1,19,34,14,9,15,0,21,1,20,34,13,9,14,0,22,1,21,34,12,9,13,0,23,1,22,34,11,9,12,0,24,1,23,34,10,9,11,0,25,1,24,34,8,9,10,0,26,1,25,34,7,9,8,0,27,1,26,34,6,9,7,0,28,1,27,34,5,9,6,0,29,1,28,34,4,9,5,0,30,1,29,34,3,9,4,0,31,1,30,34,2,9,3,0,32,1,31,34,32,9,0,0,2,1,3,34,1,9,2,0,4,1,32,34,0,31,32,0,3,0,2,34,29,30,31,0,6,5,0,34,27,28,29,0,8,7,6,34,25,26,27,0,10,9,8,34,23,24,25,0,12,11,10,34,21,22,23,0,14,13,12,34,19,20,21,0,16,15,14,34,17,18,19,0,18,17,16,34,15,16,17,0,20,19,18,34,13,14,15,0,22,21,20,34,11,12,13,0,24,23,22,34,8,10,11,0,26,25,24,34,6,7,8,0,28,27,26,34,4,5,6,0,30,29,28,34,2,3,4,0,32,31,30,34,0,1,2,0,3,4,32,34,0,29,31,0,3,6,0,34,25,27,29,0,10,8,6,34,21,23,25,0,14,12,10,34,17,19,21,0,18,16,14,34,13,15,17,0,22,20,18,34,8,11,13,0,26,24,22,34,4,6,8,0,30,28,26,34,0,2,4,0,3,32,30,34,0,25,29,0,3,10,6,34,17,21,25,0,18,14,10,34,8,13,17,0,26,22,18,34,0,4,8,0,3,30,26,34,0,17,25,0,3,18,10,34,0,8,17,0,3,26,18,35,129,61,35,75,1,33,34,35,36,35,128,81,39,68,1,1,37,38,39,35,127,66,38,62,1,40,41,42,43,35,126,68,39,64,1,44,39,38,45,35,125,69,40,65,1,46,37,47,48,35,124,59,36,77,1,49,50,51,48,35,123,82,48,65,1,52,53,48,48,35,123,84,134,137,1,52,54,55,56,35,121,71,42,85,1,57,50,50,50,35,120,86,48,77,1,46,46,48,48,35,119,87,53,88,1,46,46,46,46,35,118,81,52,89,1,46,37,37,46,35,117,90,47,76,1,58,59,45,45,35,117,92,143,146,1,58,34,60,61,35,115,80,51,93,1,62,39,39,39,35,114,94,45,74,1,40,40,43,43,35,113,95,55,96,1,40,40,40,40,35,112,78,49,97,1,40,41,41,40,35,111,98,51,80,1,1,1,39,39,35,110,99,56,100,1,1,1,1,1,35,109,69,52,101,1,1,37,37,1,35,108,102,46,63,1,33,33,36,36,35,107,103,57,104,1,33,33,33,33,35,106,73,44,105,1,33,34,34,33,35,103,106,105,57,1,33,33,33,33,35,41,58,106,103,1,63,63,33,33,35,58,34,73,106,1,63,64,34,33,35,71,107,104,42,1,50,33,33,50,35,33,70,107,71,1,65,63,33,50,35,70,41,103,107,1,63,63,33,33,35,59,108,63,36,1,50,33,36,51,35,42,104,108,59,1,50,33,33,50,35,104,57,102,108,1,33,33,33,33,35,99,109,101,56,1,1,1,1,1,35,50,67,109,99,1,54,54,1,1,35,67,40,69,109,1,54,47,37,1,35,78,110,100,49,1,41,1,1,41,35,37,79,110,78,1,66,54,1,41,35,79,50,99,110,1,54,54,1,1,35,66,111,80,38,1,41,1,39,42,35,49,100,111,66,1,41,1,1,41,35,100,56,98,111,1,1,1,1,1,35,95,112,97,55,1,40,40,40,40,35,43,60,112,95,1,67,67,40,40,35,60,37,78,112,1,67,66,41,40,35,70,113,96,41,1,63,40,40,63,35,33,72,113,70,1,65,67,40,63,35,72,43,95,113,1,67,67,40,40,35,58,114,74,34,1,63,40,43,64,35,41,96,114,58,1,63,40,40,63,35,96,55,94,114,1,40,40,40,40,35,90,117,146,142,1,59,58,61,59,35,45,62,115,91,1,43,43,62,68,35,62,38,80,115,1,43,42,39,62,35,73,116,92,44,1,34,69,34,34,35,34,74,116,73,1,64,43,69,34,35,74,45,91,116,1,43,43,68,69,35,61,117,76,35,1,34,58,45,35,35,44,92,117,61,1,34,34,58,34,35,93,126,147,141,1,39,44,70,71,35,87,118,89,53,1,46,46,46,46,35,47,64,118,87,1,45,45,46,46,35,64,39,81,118,1,45,38,37,46,35,75,119,88,46,1,36,46,46,36,35,35,76,119,75,1,35,45,46,36,35,76,47,87,119,1,45,45,46,46,35,63,120,77,36,1,36,46,48,51,35,46,88,120,63,1,36,46,46,36,35,88,53,86,120,1,46,46,46,46,35,82,123,137,133,1,53,52,56,53,35,43,72,121,83,1,67,67,57,72,35,72,33,71,121,1,67,65,50,57,35,79,122,84,50,1,54,73,54,54,35,37,60,122,79,1,66,67,73,54,35,60,43,83,122,1,67,67,72,73,35,67,123,65,40,1,54,52,48,47,35,50,84,123,67,1,54,54,52,54,35,85,124,138,132,1,50,49,74,75,35,82,124,77,48,1,53,49,48,48,35,124,82,133,138,1,49,53,53,74,35,85,42,59,124,1,50,50,50,49,35,86,125,65,48,1,46,46,48,48,35,53,89,125,86,1,46,46,46,46,35,89,52,69,125,1,46,37,37,46,35,90,126,64,47,1,59,44,45,45,35,126,90,142,147,1,44,59,59,70,35,93,51,68,126,1,39,39,39,44,35,94,127,62,45,1,40,40,43,43,35,55,97,127,94,1,40,40,40,40,35,97,49,66,127,1,40,41,41,40,35,98,128,68,51,1,1,1,39,39,35,56,101,128,98,1,1,1,1,1,35,101,52,81,128,1,1,37,37,1,35,102,129,75,46,1,33,33,36,36,35,57,105,129,102,1,33,33,33,33,35,105,44,61,129,1,33,34,34,33,35,134,136,152,150,1,55,76,77,56,35,136,130,54,152,1,76,43,72,77,35,134,131,133,137,1,55,53,53,56,35,131,132,138,133,1,53,75,74,53,35,122,83,130,136,1,73,72,43,76,35,84,122,136,134,1,54,73,76,55,35,83,121,135,130,1,72,57,78,43,35,121,85,132,135,1,57,50,75,78,35,143,145,158,156,1,60,79,80,61,35,145,139,153,158,1,79,67,68,80,35,143,140,142,146,1,60,59,59,61,35,140,141,147,142,1,59,71,70,59,35,116,91,139,145,1,69,68,67,79,35,92,116,145,143,1,34,69,79,60,35,91,115,144,139,1,68,62,81,67,35,115,93,141,144,1,62,39,71,81,35,152,54,148,150,1,77,72,53,56,35,54,151,149,148,1,72,82,74,53,35,130,135,151,54,1,43,78,82,72,35,135,132,149,151,1,78,75,74,82,35,131,134,150,148,1,53,55,56,53,35,132,131,148,149,1,75,53,53,74,35,158,153,154,156,1,80,68,59,